<?xml version="1.0" encoding="UTF-8"?>
<metadata xml:lang="nl"><Esri><CreaDate>20170124</CreaDate><CreaTime>18202100</CreaTime><ArcGISFormat>1.0</ArcGISFormat><SyncOnce>TRUE</SyncOnce><DataProperties><itemProps><itemLocation><linkage Sync="TRUE">file://\\LT-034348\C$\Users\nde370\surfdrive\storage\CLUMondo simulations\LSCAM_InData\accessibilityinternationalcambodia.asc</linkage><protocol Sync="TRUE">Local Area Network</protocol></itemLocation></itemProps><copyHistory><copy source="C:\Users\nde370\surfdrive\storage\GeoData\Processing\Scratch\accessibilityinternationalcambodia.asc" dest="\\LT-034348\C$\Users\nde370\surfdrive\storage\CLUMondo simulations\LSCAM_InData\accessibilityinternationalcambodia.asc" date="20170124" time="18202100"></copy></copyHistory></DataProperties></Esri></metadata>
